{
  "intents": [
    {
      "tag": "saludo",
      "patterns": [
        "hola",
        "buenas",
        "buenos días",
        "buenas tardes",
        "qué tal",
        "cómo estás",
        "hey",
        "saludos"
      ],
      "responses": [
        "¡Hola! 👋 ¿Qué producto buscas hoy?",
        "¡Bienvenido a Makers Tech! ¿En qué te puedo ayudar?"
      ]
    },
    {
      "tag": "consultar_precio",
      "patterns": [
        "¿cuánto cuesta el iPhone 14?",
        "precio de la laptop Dell",
        "dime el valor del monitor Samsung",
        "¿qué precio tiene la tablet Galaxy?",
        "me interesa saber el costo del teclado",
        "¿a cómo está la pantalla?",
        "valor de los auriculares",
        "precio del producto"
      ],
      "responses": [
        "El {producto} cuesta ${precio}.",
        "El precio de {producto} es ${precio}."
      ]
    },
    {
      "tag": "consultar_stock",
      "patterns": [
        "¿tienen disponible el iPhone 14?",
        "¿queda stock del monitor Samsung?",
        "¿hay existencias de auriculares?",
        "cuántas unidades quedan de la laptop",
        "todavía tienen tablets en inventario",
        "¿está agotado el producto?",
        "me queda alguna laptop Dell?"
      ],
      "responses": [
        "Actualmente tenemos {stock} unidades de {producto}.",
        "Sí, nos quedan {stock} en inventario."
      ]
    },
    {
      "tag": "consultar_caracteristicas",
      "patterns": [
        "dime las características del iPhone 14",
        "qué especificaciones tiene la laptop Dell",
        "cuéntame más del monitor Samsung",
        "qué trae la tablet Galaxy Tab",
        "qué incluye el teclado Logitech",
        "detalles técnicos de los auriculares Sony",
        "qué tan buena es la pantalla"
      ],
      "responses": [
        "{producto}: {descripcion}.",
        "Las características de {producto} son: {descripcion}."
      ]
    },
    {
      "tag": "metodos_pago",
      "patterns": [
        "¿cómo puedo pagar?",
        "¿aceptan tarjeta de crédito?",
        "puedo pagar con débito",
        "tienen opción de pago contra entrega",
        "¿se puede pagar con PayPal?",
        "¿dan financiación?",
        "quiero pagar a cuotas"
      ],
      "responses": [
        "Aceptamos tarjetas débito, crédito, transferencias y pagos contra entrega.",
        "Sí, tenemos opciones de financiación en ciertos productos."
      ]
    },
    {
      "tag": "envios",
      "patterns": [
        "¿hacen envíos?",
        "me lo pueden mandar a casa",
        "¿cuánto cuesta el envío?",
        "tiempo de entrega del producto",
        "¿tienen cobertura nacional?",
        "envían a otras ciudades",
        "envían internacionalmente"
      ],
      "responses": [
        "Hacemos envíos a nivel nacional 📦. El costo depende de la ciudad de destino.",
        "El tiempo de entrega promedio es de 2 a 5 días hábiles."
      ]
    },
    {
      "tag": "garantia",
      "patterns": [
        "¿el producto tiene garantía?",
        "cuánto tiempo de garantía ofrecen",
        "qué cubre la garantía",
        "si se daña lo puedo cambiar",
        "ofrecen soporte técnico",
        "si viene defectuoso qué pasa"
      ],
      "responses": [
        "Todos nuestros productos cuentan con garantía oficial del fabricante.",
        "El tiempo de garantía depende del producto, en general de 6 a 12 meses."
      ]
    },
    {
      "tag": "devoluciones",
      "patterns": [
        "puedo devolver el producto",
        "quiero hacer un cambio",
        "cómo funciona la devolución",
        "si no me gusta lo puedo regresar",
        "quiero un reembolso",
        "aceptan devoluciones",
        "cómo es la política de cambios"
      ],
      "responses": [
        "Aceptamos devoluciones dentro de los 30 días posteriores a la compra.",
        "Puedes solicitar un cambio o reembolso siguiendo nuestra política de devoluciones."
      ]
    },
    {
      "tag": "recomendaciones",
      "patterns": [
        "qué me recomiendas",
        "productos destacados",
        "muéstrame lo más recomendado",
        "qué hay de nuevo",
        "qué productos son más vendidos",
        "quiero ver lo popular"
      ],
      "responses": [
        "Te recomiendo estos productos destacados: {lista_recomendados}",
        "Según tus intereses, estos productos pueden gustarte: {lista_recomendados}"
      ]
    },
    {
      "tag": "agradecimiento",
      "patterns": [
        "gracias",
        "muchas gracias",
        "te lo agradezco",
        "excelente",
        "perfecto, gracias",
        "muy amable"
      ],
      "responses": [
        "¡Con mucho gusto! 😊",
        "Para eso estamos, ¡feliz compra!"
      ]
    },
    {
      "tag": "despedida",
      "patterns": [
        "adiós",
        "hasta luego",
        "gracias, chao",
        "nos vemos",
        "bye",
        "me despido"
      ],
      "responses": [
        "¡Hasta pronto! 👋",
        "Gracias por visitar Makers Tech, ¡vuelve pronto!"
      ]
    }
  ]
}
