id,name,category,price,stock,description
1,Laptop Dell XPS 13,Laptops,1200,5,Ultrabook ligera de 13 pulgadas.
2,iPhone 14,Smartphones,999,10,Último modelo de Apple con cámara mejorada.
3,"Monitor Samsung 27""",Monitores,300,3,Monitor Full HD con 75Hz.
4,Teclado Mecánico Logitech,Accesorios,150,15,Teclado con retroiluminación RGB.
5,Auriculares Sony WH-1000XM5,Audio,400,8,Cancelación activa de ruido.
6,Tablet Samsung Galaxy Tab S9,Tablets,800,4,Pantalla AMOLED de alto rendimiento.
7,Laptop HP Pavilion 15,Laptops,950,7,"Laptop de 15 pulgadas, procesador Ryzen 5."
8,iPad Pro 12.9,Tablets,1100,6,Tablet de Apple con pantalla Liquid Retina XDR.
9,Smartwatch Garmin Forerunner,Wearables,450,12,Reloj deportivo con GPS y métricas avanzadas.
10,Impresora HP LaserJet Pro,Impresoras,220,9,Impresora láser monocromo.
